Name,Rank,Price,Symbol
Bitcoin,1,14156.4414062,BTC
XRP,2,2.30056619644,XRP
Ethereum,3,756.73260498,ETH
Bitcoin Cash,4,2533.01147461,BCH
Cardano,5,0.719695210457,ADA
Litecoin,6,232.096054077,LTC
IOTA,7,3.55087471008,MIOTA
NEM,8,1.03404712677,XEM
Dash,9,1051.6784668,DASH
Stellar,10,0.360755741596,XLM
Monero,11,349.025787354,XMR
EOS,12,8.76595115662,EOS
NEO,13,75.9605560303,NEO
Qtum,14,62.3974952698,QTUM
Bitcoin Gold,15,261.723022461,BTG
Verge,16,0.222600162029,XVG
TRON,17,0.0447515882552,TRX
Nano,18,21.6578388214,NANO
Ethereum Classic,19,27.9979705811,ETC
BitConnect,20,418.962097168,BCC
Lisk,21,20.4068870544,LSK
OmiseGO,22,19.8894500732,OMG
ICON,23,5.35352993011,ICX
Ardor,24,1.72013342381,ARDR
BitShares,25,0.657628118992,BTS
Populous,26,41.5281715393,PPT
Zcash,27,505.511016846,ZEC
Tether,28,1.01225554943,USDT
Stratis,29,14.0296020508,STRAT
Waves,30,12.5966415405,WAVES
HyperCash,31,29.5196819305,HC
Bytecoin,32,0.00590176414698,BCN
Komodo,33,9.90491867065,KMD
Dogecoin,34,0.00897159148008,DOGE
Siacoin,35,0.0303497239947,SC
Binance Coin,36,8.63557815552,BNB
Status,37,0.224669098854,SNT
Augur,38,70.0724487305,REP
Steem,39,3.0094473362,STEEM
Nxt,40,0.705942869186,NXT
Golem,41,0.842137694359,GNT
SALT,42,12.8100385666,SALT
Ark,43,7.04231786728,ARK
Veritaseum,44,337.335144043,VERI
DigiByte,45,0.0703672319651,DGB
Vechain [Token],46,2.27941775322,VEN
Decred,47,95.9570541382,DCR
PIVX,48,10.3954162598,PIVX
MonaCoin,49,10.1182451248,MONA
Factom,50,57.7139930725,FCT
WAX,51,0.912614405155,WAX
Byteball Bytes,52,686.383728027,GBYTE
Electroneum,53,0.0874679163098,ETN
TenX,54,4.08103752136,PAY
MaidSafeCoin,55,0.942026257515,MAID
0x,56,0.895720601082,ZRX
Zcoin,57,112.322792053,XZC
BitcoinDark,58,322.869720459,BTCD
Basic Attention Token,59,0.41220292449,BAT
Syscoin,60,0.740654408932,SYS
Request Network,61,0.604141831398,REQ
FunFair,62,0.0848244577646,FUN
Power Ledger,63,1.01033771038,POWR
Experience Points,64,0.00181636749767,XP
Bytom,65,0.357181876898,BTM
Kyber Network,66,2.61914134026,KNC
Kin,67,0.000449439976364,KIN
ReddCoin,68,0.0115455584601,RDD
Dragonchain,69,1.38310301304,DRGN
KuCoin Shares,70,3.58295845985,KCS
Santiment Network Token,71,5.37634563446,SAN
Storj,72,2.43659257889,STORJ
Aion,73,5.18750667572,AION
DigixDAO,74,156.174301147,DGD
Skycoin,75,45.7936439514,SKY
Aeternity,76,1.32135856152,AE
QASH,77,0.865427136421,QASH
Civic,78,0.86475455761,CVC
Vertcoin,79,6.6774392128,VTC
Waltonchain,80,11.3093280792,WTC
Ink,81,0.600394904613,INK
Gas,82,30.3355636597,GAS
Iconomi,83,2.7280819416,ICN
Bitcore,84,25.1285629272,BTX
GameCredits,85,4.12932014465,GAME
aelf,86,1.0021443367,ELF
Substratum,87,1.09857463837,SUB
Ubiq,88,5.99613428116,UBQ
Triggers,89,7.23507452011,TRIG
Gnosis,90,210.218597412,GNO
Decentraland,91,0.101998530328,MANA
Quantstamp,92,0.374399632215,QSP
Cryptonex,93,5.00807762146,CNX
BridgeCoin,94,8.24022388458,BCO
Blocknet,95,44.5677833557,BLOCK
Ethos,96,2.91277170181,ETHOS
SmartCash,97,0.403023391962,SMART
Raiden Network Token,98,4.27643918991,RDN
GXChain,99,5.22601652145,GXS
Chainlink,100,0.601552188396,LINK
Dent,101,0.0196469035,DENT
Red Pulse Phoenix,102,0.381380110979,PHX
Po.et,103,0.0943555980921,POE
NavCoin,104,3.21573972702,NAV
Crypto.com,105,15.275718689,MCO
Nebulas,106,5.61009883881,NAS
Enigma,107,2.61294698715,ENG
ZClassic,108,107.185447693,ZCL
Dentacoin,109,0.000586043344811,DCN
Ripio Credit Network,110,0.380794644356,RCN
Edgeless,111,2.24804639816,EDG
BitBay,112,0.177073866129,BAY
ETHLend,113,0.174933746457,LEND
Horizen,114,59.7878723145,ZEN
Nexus,115,3.11671376228,NXS
Einsteinium,116,0.78158134222,EMC2
AdEx,117,2.78937005997,ADX
Particl,118,21.1302642822,PART
UTRUST,119,0.507230699062,UTK
Revain,120,0.889092564583,R
XTRABYTES,121,0.372295737267,XBY
Bancor,122,5.28137779236,BNT
Time New Bank,123,0.0974251329899,TNB
Metal,124,8.06789016724,MTL
CloakCoin,125,30.7278289795,CLOAK
SingularDTV,126,0.253836601973,SNGLS
Storm,127,0.0612379312515,STORM
DigitalNote,128,0.0215040426701,XDN
Rise,129,1.25798654556,RISE
Centra,130,2.09252548218,CTR
PayPie,131,1.70777869225,PPP
IoT Chain,132,3.52681612968,ITC
HempCoin,133,0.582027375698,THC
SONM,134,0.370481342077,SNM
MediBloc [QRC20],135,0.0445107966661,MED
DECENT,136,2.56730103493,DCT
RChain,137,0.719816565514,RHOC
Streamr DATAcoin,138,0.194126814604,DATA
Loopring,139,0.458586603403,LRC
Enjin Coin,140,0.172697946429,ENJ
MobileGo,141,1.30488801003,MGO
SuperNET,142,155.265411377,UNITY
Agoras Tokens,143,3.01041436195,AGRS
Aragon,144,3.88902759552,ANT
Cindicator,145,0.0867386907339,CND
Quantum Resistant Ledger,146,2.38367724419,QRL
RevolutionVR,147,0.588511347771,RVR
Modum,148,6.675385952,MOD
BLOCKv,149,0.0898734331131,VEE
Shift,150,10.3291397095,SHIFT
Emercoin,151,2.86619520187,EMC
Asch,152,1.25866651535,XAS
Tael,153,2.52691912651,WABI
Wings,154,1.26770436764,WINGS
Achain,155,0.378267556429,ACT
Jinn,156,1931.33312988,JINN
Peercoin,157,4.47593736649,PPC
iExec RLC,158,1.37019634247,RLC
Neblio,159,8.34938907623,NEBL
Groestlcoin,160,1.5117777586,GRS
Viacoin,161,4.53089237213,VIA
Metaverse ETP,162,2.77751326561,ETP
Bread,163,1.68003988266,BRD
Blox,164,0.179097592831,CDT
CyberMiles,165,0.235751211643,CMT
Gulden,166,0.247339934111,NLG
LBRY Credits,167,0.753207027912,LBC
Wagerr,168,0.516591906548,WGR
NULS,169,2.33936095238,NULS
ATMChain,170,0.0187382139266,ATM
Delphy,171,3.15745687485,DPY
Ambrosus,172,0.63591170311,AMB
Burst,173,0.0509941577911,BURST
PotCoin,174,0.408868640661,POT
Tierion,175,0.206955239177,TNT
district0x,176,0.144436478615,DNT
Pura,177,0.501878559589,PURA
Cofound.it,178,0.264720141888,CFI
Counterparty,179,32.8635826111,XCP
Aeon,180,5.7856554985,AEON
Eidoo,181,3.73279738426,EDO
Spectrecoin,182,4.02944087982,XSPEC
AirSwap,183,0.554499447346,AST
SaluS,184,81.1249160767,SLS
Unikoin Gold,185,0.60771459341,UKG
Dynamic Trading Rights,186,0.0830929651856,DTR
FirstBlood,187,0.943851113319,1ST
Etherparty,188,0.165211632848,FUEL
Humaniq,189,0.48566827178,HMQ
Melon,190,131.93107605,MLN
Pillar,191,0.33189702034,PLR
HyperSpace,192,0.897160470486,AMP
OST,193,0.393458068371,OST
Feathercoin,194,0.382792532444,FTC
SIBCoin,195,4.38227319717,SIB
Mercury,196,0.699776649475,MER
Viberate,197,0.42696005106,VIB
Monetha,198,0.314123034477,MTH
Paypex,199,0.964783012867,PAYX
Matchpool,200,0.877876222134,GUP
BlackCoin,201,0.848506093025,BLK
ION,202,3.42169141769,ION
Pepe Cash,203,0.0882271900773,PEPECASH
WeTrust,204,0.666026115417,TRST
YOYOW,205,0.287256836891,YOYOW
Lykke,206,0.227704465389,LKK
XEL,207,0.671441495419,XEL
Mooncoin,208,0.000262803398073,MOON
bitCNY,209,0.140805929899,BITCNY
Namecoin,210,3.94963264465,NMC
Paragon,211,0.891930222511,PRG
NeosCoin,212,15.7103738785,NEOS
FairCoin,213,1.06976604462,FAIR
MinexCoin,214,18.9124755859,MNX
Cobinhood,215,0.161624640226,COB
SHIELD,216,0.115043394268,XSH
WhiteCoin,217,0.219735085964,XWC
GridCoin,218,0.139596045017,GRC
Lunyr,219,23.3317470551,LUN
I/O Coin,220,3.24342036247,IOC
Open Trading Network,221,10.1167926788,OTN
Omni,222,91.7314987183,OMNI
SpankChain,223,0.171308428049,SPANK
Diamond,224,19.6438770294,DMD
PACcoin,225,1.44187551996e-05,$PAC
TaaS,226,5.95606136322,TAAS
Crown,227,2.88801884651,CRW
Blocktix,228,1.17881894112,TIX
Bodhi,229,1.15743541718,BOT
DecentBet,230,0.529995858669,DBET
Peerplays,231,11.5289888382,PPY
Radium,232,13.2461891174,RADS
MonetaryUnit,233,0.369041949511,MUE
Electra,234,0.00197909260169,ECA
Nimiq Exchange Token,235,4.21794271469,NET
NoLimitCoin,236,0.216023519635,NLC2
adToken,237,0.0736013278365,ADT
Agrello,238,0.513582646847,DLT
Moeda Loyalty Points,239,2.24540162086,MDA
Pascal Coin,240,2.6648747921,PASC
Numeraire,241,32.9726982117,NMR
LATOKEN,242,0.548972964287,LA
Expanse,243,5.40080022812,EXP
Grid+,244,1.05741631985,GRID
OKCash,245,0.557506620884,OK
Mothership,246,0.292860388756,MSP
Golos,247,0.328923642635,GOLOS
Patientory,248,0.584792375565,PTOY
Swarm City,249,4.97156381607,SWT
Stox,250,0.928266465664,STX
Zeusshield,251,0.0335993207991,ZSC
Quantum,252,0.492246836424,QAU
ColossusXT,253,0.00933100003749,COLX
Presearch,254,0.241078674793,PRE
NuShares,255,0.0133693721145,NSR
AirToken,256,0.0352343171835,AIR
Phore,257,4.58826828003,PHR
Rubycoin,258,1.45821988583,RBY
Steem Dollars,259,7.67155981064,SBD
Mysterium,260,1.80061542988,MYST
ECC,261,0.001392743201,ECC
TokenCard,262,1.47103989124,TKN
Genesis Vision,263,9.31902217865,GVT
DeepOnion,264,7.32635116577,ONION
Decision Token,265,1.09771668911,HST
Ormeus Coin,266,2.00460290909,ORME
DomRaider,267,0.0575042441487,DRT
Datum,268,0.0446517169476,DAT
Nexium,269,0.496833056211,NXC
Propy,270,1.97822356224,PRO
Waves Community Token,271,3.27393531799,WCT
Everex,272,1.97663748264,EVX
Rialto,273,0.382429897785,XRL
Hiveterminal Token,274,0.0866462513804,HVN
LoMoCoin,275,0.145273625851,LMC
Bean Cash,276,0.0139506952837,BITB
BlockMason Credit Protocol,277,0.45650139451,BCPT
VIBE,278,0.177448257804,VIBE
VeriCoin,279,1.00030374527,VRC
Primas,280,0.58949136734,PST
OAX,281,1.20569109917,OAX
Xenon,282,0.09943497926,XNN
ALIS,283,0.773235619068,ALIS
FLO,284,0.2094848454,FLO
Clams,285,10.5620384216,CLAM
Myriad,286,0.0191339589655,XMY
Incent,287,0.634074866772,INCNT
FoldingCoin,288,0.0529242418706,FLDC
Sexcoin,289,0.230883061886,SXC
FirstCoin,290,15.2137994766,FRST
Global Currency Reserve,291,0.273538410664,GCR
BitDice,292,0.401382088661,CSNO
Elixir,293,0.952646911144,ELIX
Rivetz,294,1.04906749725,RVT
Musicoin,295,0.0514306761324,MUSIC
bitqy,296,0.0100749069825,BQ
Zoin,297,1.71791386604,ZOI
Databits,298,1.20110166073,DTB
DopeCoin,299,0.233063608408,DOPE
Stealth,300,0.981087744236,XST
HEAT,301,0.866440594196,HEAT
SunContract,302,0.247314423323,SNC
Russian Miner Coin,303,17797.6289062,RMC
EncrypGen,304,0.688885033131,DNA
SolarCoin,305,0.677982568741,SLR
PoSW Coin,306,0.574032664299,POSW
OBITS,307,1.60527896881,OBITS
bitUSD,308,0.966806292534,BITUSD
IXT,309,0.695590376854,IXT
Gambit,310,20.4773635864,GAM
CannabisCoin,311,0.31628832221,CANN
Flash,312,0.0269784405828,FLASH
Soarcoin,313,0.0317530557513,SOAR
Change,314,0.625046730042,CAG
Internet of People,315,7.03042840958,IOP
OracleChain,316,0.771005690098,OCT
Energycoin,317,0.18899525702,ENRG
BitSend,318,1.29349601269,BSD
HTML5COIN,319,0.000557097257115,HTML5
Aventus,320,3.76886177063,AVT
Bismuth,321,3.37133693695,BIS
Circuits of Value,322,0.022423164919,COVAL
Colossuscoin V2,323,0.000974920229055,CV2
Sequence,324,0.488295763731,SEQ
LEOcoin,325,0.230552017689,LEO
BitCrystals,326,0.923382401466,BCY
Sumokoin,327,7.72936677933,SUMO
PinkCoin,328,0.0551850162446,PINK
Etheroll,329,2.95033812523,DICE
Vcash,330,1.34357941151,XVC
Hedge,331,5.51858282089,HDG
Polybius,332,5.33640432358,PLBT
Bitdeal,333,0.111607693136,BDL
Xaurum,334,0.15197686851,XAUR
Sphere,335,6.24366760254,SPHR
Pluton,336,22.2981643677,PLU
FedoraCoin,337,4.27374761784e-05,TIPS
TransferCoin,338,3.00664114952,TX
ICOS,339,32.4400863647,ICOS
Curecoin,340,0.781468212605,CURE
BCAP,341,1.8553519249,BCAP
Boolberry,342,1.72379827499,BBR
ClearPoll,343,2.59591341019,POLL
Bounty0x,344,0.155238583684,BNTY
ATBCoin,345,0.44775596261,ATB
Dovu,346,0.280075997114,DOV
ArtByte,347,0.0224402844906,ABY
Exchange Union,348,8.88855743408,XUC
Primecoin,349,0.80777078867,XPM
Bitmark,350,2.27532458305,BTM
Unobtanium,351,87.1842422485,UNO
Dimecoin,352,3.14345488732e-05,DIME
Oxycoin [OLD],353,0.198152527213,OXY[OLD]
Hush,354,7.47274541855,HUSH
Flixxo,355,0.230765849352,FLIXX
Memetic / PepeCoin,356,0.88090634346,MEME
InvestFeed,357,0.0858476981521,IFT
KickCoin,358,0.0510302260518,KICK
Regalcoin,359,4.57145309448,REC
NewYorkCoin,360,0.000124718950246,NYC
COSS,361,0.259028553963,COSS
Universal Currency,362,1.27849757671,UNIT
Chronobank,363,22.4368743896,TIME
EncryptoTel [WAVES],364,0.25612077117,ETT
NVO,365,1.05761706829,NVST
Blackmoon,366,0.756826221943,BMC
Obsidian,367,0.62808740139,ODN
Oyster,368,0.492267042398,PRL
The ChampCoin,369,0.0942887142301,TCC
DraftCoin,370,6.61290979385,DFT
Atmos,371,0.151675984263,ATMOS
Blue Protocol,372,0.451454609632,BLUE
Target Coin,373,0.015657953918,TGT
Qwark,374,0.329455971718,QWARK
Auroracoin,375,1.69278240204,AUR
Lampix,376,0.114802189171,PIX
MyBit,377,5.1043138504,MYB
Publica,378,0.76692700386,PBL
Neutron,379,0.417592257261,NTRN
MintCoin,380,0.000552472251002,MINT
Tao,381,0.415733844042,XTO
BlockCAT,382,1.84247922897,CAT
Blitzcash,383,3.26459002495,BLITZ
Bitcoin Plus,384,126.97151947,XBC
Pesetacoin,385,0.0985357165337,PTC
Kore,386,6.4275097847,KORE
ALQO,387,0.772935509682,XLQ
DAO.Casino,388,0.0774091556668,BET
Credo,389,0.0233848560601,CREDO
Ecobit,390,0.0288393050432,ECOB
Snovian.Space,391,0.030968265608,SNOV
Voise,392,0.0194546207786,VOISE
Playkey,393,0.920931398869,PKT
Creditbit,394,0.751137256622,CRB
Bitzeny,395,0.161850333214,ZNY
HyperStake,396,0.0111241573468,HYP
SpreadCoin,397,1.30241632462,SPR
Lethean,398,0.0382242314517,LTHN
ExclusiveCoin,399,2.72770929337,EXCL
Novacoin,400,6.16047286987,NVC
DubaiCoin,401,6.69382095337,DBIX
PRIZM,402,0.936504006386,PZM
Synergy,403,3.57293701172,SNRG
Uniform Fiscal Object,404,0.00334258354269,UFO
Astro,405,3.55497074127,ASTRO
Bela,406,0.29904705286,BELA
Maecenas,407,0.386253923178,ART
GoByte,408,29.7665081024,GBX
HollyWoodCoin,409,13.9274663925,HWC
Blockpool,410,0.516362607479,BPL
Espers,411,0.00055165035883,ESP
Bulwark,412,7.52929639816,BWK
B2BX,413,0.695510983467,B2B
Syndicate,414,0.669421613216,SYNX
Sharechain,415,0.00648826500401,SSS
TrezarCoin,416,0.130687892437,TZC
GoldCoin,417,0.270995050669,GLD
Pirl,418,1.60931146145,PIRL
APX,419,15.6593084335,APX
2GIVE,420,0.0211667437106,2GIVE
Project Decorum,421,0.214761003852,PDC
VeriumReserve,422,7.44454860687,VRM
TrueFlip,423,1.70687901974,TFL
Verify,424,0.890744328499,CRED
Solaris,425,12.0632019043,XLR
E-Dinar Coin,426,0.0117976516485,EDR
Dynamic,427,5.44562578201,DYN
Zephyr,428,0.0811715126038,ZEPH
Masternodecoin,429,0.214482456446,MTNC
Divi Exchange Token,430,1.9740742445,DIVX
Magi,431,1.29709005356,XMG
EuropeCoin,432,1.00305366516,ERC
Farad,433,0.075143687427,FRD
Eroscoin,434,0.0861719995737,ERO
Mercury Protocol,435,0.0583359748125,GMT
Riecoin,436,0.242286354303,RIC
Aeron,437,0.795855402946,ARN
Breakout Stake,438,1.51464784145,BRX
EarthCoin,439,0.000813200545963,EAC
Bitcloud,440,0.554420530796,BTDX
Breakout,441,0.511943280697,BRK
LockTrip,442,0.657444179058,LOC
MyWish,443,0.516523599625,WISH
Startcoin,444,0.203536510468,START
Zero,445,4.54770708084,ZER
ZrCoin,446,2.37764072418,ZRC
Social Send,447,0.281952321529,SEND
Internxt,448,13.9157962799,INXT
ToaCoin,449,0.00656543951482,TOA
HelloGold,450,0.0331509262323,HGT
MarteXcoin,451,3.00376939774,MXT
GeoCoin,452,2.53154158592,GEO
Indorse Token,453,0.182942569256,IND
Wild Crypto,454,0.348755300045,WILD
Elite,455,0.000338835059665,1337
SportyCo,456,0.169022008777,SPF
Karbo,457,1.61670804024,KRB
CREA,458,0.616074860096,CREA
Bonpay,459,0.709532558918,BON
FlypMe,460,0.448564171791,FYP
Crave,461,5.35331916809,CRAVE
EverGreenCoin,462,0.590599656105,EGC
Bitswift,463,1.92964565754,BITS
TrustPlus,464,0.243033692241,TRUST
CVCoin,465,0.792294502258,CVN
Pure,466,2.61835718155,PURE
Monoeci,467,2.76207590103,XMCC
Goodomy,468,0.0172561127692,GOOD
Prospectors Gold,469,0.117547526956,PGL
CryptoForecast,470,0.16468411684,CFT
Opus,471,0.0539834350348,OPT
Linda,472,0.00125332199968,LINDA
Ergo,473,18.8939914703,EFYT
Tokes,474,6.57756567001,TKS
Innova,475,5.8254699707,INN
Primalbase Token,476,7153.85205078,PBT
Yocoin,477,0.0645319968462,YOC
LUXCoin,478,9.34862422943,LUX
Upfiring,479,0.481522649527,UFR
CHIPS,480,0.340386420488,CHIPS
Rupee,481,0.298519581556,RUP
HunterCoin,482,0.325205534697,HUC
BitcoinZ,483,0.00819704309106,BTCZ
Zeitcoin,484,0.000178647635039,ZEIT
Privatix,485,5.5838098526,PRIX
vSlice,486,0.19775865972,VSL
PutinCoin,487,0.0208836011589,PUT
Anoncoin,488,3.12420153618,ANC
XPA,489,0.115031823516,XPA
Denarius,490,3.13655281067,D
DCORP,491,0.805093944073,DRP
vTorrent,492,0.599993765354,VTR
DNotes,493,0.0496660582721,NOTE
eBitcoin,494,0.340984165668,EBTC
BlueCoin,495,0.0111756948754,BLU
UnbreakableCoin,496,2.80651688576,UNB
ParkByte,497,1.32458436489,PKB
LIFE,498,0.000806366442703,LIFE
AsiaCoin,499,0.00513392686844,AC
Sprouts,500,3.61229490409e-06,SPRTS
MCAP,501,0.594208359718,MCAP
CryptoPing,502,0.619080483913,PING
WorldCoin,503,0.0509434379637,WDC
ChainCoin,504,0.416425526142,CHC
EquiTrader,505,0.595311701298,EQT
REAL,506,0.573726058006,REAL
Terracoin,507,0.258319050074,TRC
Xios,508,2.63032770157,XIOS
e-Gulden,509,0.352393448353,EFL
Sociall,510,0.332333505154,SCL
Embers,511,0.110723085701,MBRS
Nekonium,512,0.612806975842,NUKO
Hubii Network,513,0.40331864357,HBT
Magnet,514,0.654589295387,MAG
AdShares,515,0.376984715462,ADST
FORCE,516,0.0480821765959,FOR
Quark,517,0.0193804036826,QRK
ShadowCash,518,0.726315557957,SDC
Starta,519,0.929543793201,STA
Dotcoin,520,0.01742352359,DOT
Gimli,521,0.0593720041215,GIM
Autonio,522,0.0720492899418,NIO
Crystal Clear ,523,1.08402431011,CCT
VIVO,524,4.74300527573,VIVO
Darcrus,525,0.331201940775,DAR
Oceanlab,526,0.0958431363106,OCL
CrowdCoin,527,8.01794147491,CRC
Kolion,528,7.31489276886,KLN
Carboncoin,529,0.000275000085821,CARBON
ATLANT,530,0.314721882343,ATL
ICO OpenLedger,531,8.67416095734,ICOO
bitJob,532,0.0840034633875,STU
Ixcoin,533,0.189904883504,IXC
Greencoin,534,0.00105790316593,GRE
NEVERDIE,535,0.0935097411275,NDC
eBoost,536,0.317266911268,EBST
Pandacoin,537,0.000115819035273,PND
Ellaism,538,1.0866060257,ELLA
SagaCoin,539,16.8776245117,SAGA
SmartBillions,540,0.552426576614,SMART
Cryptonite,541,0.00978778209537,XCN
CarTaxi Token,542,0.0611721388996,CTX
FLiK,543,0.0611743703485,FLIK
Fantasy Cash,544,0.794782817364,FANS
Smart Investment Fund Token,545,4.97234296799,SIFT
More Coin,546,1.77487123013,MORE
AudioCoin,547,0.00423095887527,ADC
Bytecent,548,1.83382499218,BYC
Vsync,549,0.0355144441128,VSX
RussiaCoin,550,0.41619476676,RC
Stellar Holdings,551,0.0381761342287,HOLD
Dai,552,0.996542274952,DAI
InPay,553,0.341639906168,INPAY
FundYourselfNow,554,4.00830221176,FYN
Copico,555,0.213678985834,XCPO
Megacoin,556,0.0905856192112,MEC
Miners' Reward Token,557,0.327424019575,MRT
Photon,558,0.000155340254423,PHO
Condensate,559,0.0337990932167,RAIN
Altcoin,560,26.0073833466,ALT
Bitcoin Red,561,0.175162628293,BTCRED
Hat.Exchange,562,9.3972158432,HAT
Renos,563,0.0932778120041,RNS
Qvolta,564,0.454099923372,QVT
Link Platform,565,63.8864631653,LNK
DigitalPrice,566,0.170465439558,DP
Payfair,567,0.0397245697677,PFR
Authorship,568,0.0373805202544,ATS
ELTCOIN,569,0.0331901013851,ELTCOIN
BuzzCoin,570,0.00042431455222,BUZZ
Linx,571,0.206063508987,LINX
imbrex,572,0.330411940813,REX
TeslaCoin,573,0.0387505628169,TES
InsaneCoin,574,0.154647007585,INSN
Advanced Technology Coin,575,0.112670019269,ARC
FlutterCoin,576,0.00837200414389,FLT
WavesGo,577,0.279931634665,WGO
LuckChain,578,0.00375620648265,BASH
Woodcoin,579,0.334258377552,LOG
Bowhead,580,0.321745157242,AHT
Fastcoin,581,0.016395136714,FST
GoldBlocks,582,0.16781488061,GB
Ethbits,583,1.81504368782,ETBS
StarCredits,584,0.55615401268,STRC
IncaKoin,585,0.000208640878554,NKA
Unify,586,0.134881317616,UNIFY
GCN Coin,587,1.60098315973e-05,GCN
Influxcoin,588,1.42360675335,INFX
Unitus,589,0.0490083172917,UIS
Bullion,590,2.24460983276,CBX
NobleCoin,591,0.000974273018073,NOBL
Fantomcoin,592,0.362113237381,FCN
XGOX,593,0.0024940406438,XGOX
Growers International,594,1.90119671822,GRWI
CannaCoin,595,0.473895788193,CCN
DigiPulse,596,1.58771049976,DGPT
Bitstar,597,0.095332249999,BITS
42-coin,598,51928.7617188,42
SwapToken,599,0.000139274314279,TOKEN
Canada eCoin,600,0.0216122511774,CDN
SuperCoin,601,0.043886244297,SUPER
Zennies,602,0.00208970112726,ZENI
Capricoin,603,1.04528129101,CPC
ERC20,604,0.0013202651171,ERC20
Elementrem,605,0.0793863609433,ELE
FujiCoin,606,0.0016253447393,FJC
ProCurrency,607,0.0208347924054,PROC
Kurrent,608,0.032472204417,KURT
SoMee.Social,609,0.156936064363,ONG
Visio,610,0.0388575345278,VISIO
Signatum,611,0.018223060295,SIGT
PiplCoin,612,0.0234458018094,PIPL
Emphy,613,0.250858426094,EPY
Dinastycoin,614,0.00134638836607,DCY
Centurion,615,0.0255992170423,CNT
MAZA,616,0.00138964795042,MAZA
LiteDoge,617,0.000125181730255,LDOGE
Bitradio,618,0.303844571114,BRO
KiloCoin,619,0.00921640638262,KLC
Moin,620,0.246036991477,MOIN
Royal Kingdom Coin,621,0.666492283344,RKC
KekCoin,622,0.169856116176,KEK
Monster Byte,623,0.10537995398,MBI
Zetacoin,624,0.0105531923473,ZET
PetroDollar,625,0.0272072423249,XPD
Onix,626,0.0626734420657,ONX
BitBoost,627,0.348806172609,BBT
SmileyCoin,628,6.52731687296e-05,SMLY
Version,629,0.00356690096669,V
SmartCoin,630,0.0706232637167,SMC
Netko,631,0.365757465363,NETKO
BunnyCoin,632,1.59538776643e-05,BUN
BiblePay,633,0.00507006654516,BBP
Accelerator Network,634,6.8417224884,ACC
InflationCoin,635,4.52335407317e-05,IFLT
Desire,636,1.57428097725,DSR
CoinonatX,637,0.0918908417225,XCXT
Adzcoin,638,0.036495283246,ADZ
UltraCoin,639,0.0348729863763,UTC
Giga Watt Token,640,1.727602005,WTT
HitCoin,641,0.000139274314279,HTC
Kobocoin,642,0.0618523731828,KOBO
Tracto,643,0.282750338316,TRCT
Cream,644,0.0338895320892,CRM
Deutsche eMark,645,0.0454369783401,DEM
Bata,646,0.301383078098,BTA
Bitcoin Scrypt,647,0.0878446400166,BTCS
Leviar,648,0.142608851194,XLC
Digitalcoin,649,0.0521637126803,DGC
NetCoin,650,0.00181107886601,NET
SkinCoin,651,0.0160706024617,SKIN
QubitCoin,652,0.00570616079494,Q2C
Machinecoin,653,0.0697727054358,MAC
Octanox,654,0.165736436844,OTX
BitBar,655,39.2455253601,BTB
BitTokens,656,2.41254043579,BXT
Trollcoin,657,0.00236878194846,TROLL
KushCoin,658,0.243475615978,KUSH
WhaleCoin,659,0.258792579174,WHL
Ethereum Gold,660,0.10908742249,ETG
AurumCoin,661,4.22108840942,AU
Eternity,662,0.300553977489,ENT
EthBet,663,0.145135760307,EBET
FuckToken,664,0.0237485039979,FUCK
Etheriya,665,0.75584179163,RIYA
Joulecoin,666,0.0341158658266,XJO
Orbitcoin,667,0.36781668663,ORB
Abjcoin Commerce,668,0.138363689184,ABJC
Zlancer,669,0.569319009781,ZCG
DaxxCoin,670,0.00227832351811,DAXX
The Cypherfunks,671,2.4439432309e-05,FUNK
DigitalDevelopersFund,672,0.218465596437,DDF
Phoenixcoin,673,0.0176630355418,PXC
Titcoin,674,0.0215564742684,TIT
Veltor,675,1.92282128334,VLT
RouletteToken,676,0.103132516146,RLT
BTSR,677,0.320577442646,BTSR
Triangles,678,14.4270277023,TRI
Unity Ingot,679,0.00509912101552,UNY
HOdlcoin,680,0.00626734411344,HODL
Minereum,681,0.572470963001,MNE
Piggycoin,682,0.00210369424894,PIGGY
CryptoInsight,683,0.0816312357783,TKR
FuelCoin,684,0.0100277513266,FC2
Coin(O),685,0.0096667939797,CNO
Nyancoin,686,0.00318619259633,NYAN
BigUp,687,0.000477911409689,BIGUP
Atomic Coin,688,0.0745979100466,ATOM
CampusCoin,689,0.00319391605444,CMPCO
Pakcoin,690,0.0213066712022,PAK
HiCoin,691,0.00514129269868,XHI
ZoZoCoin,692,1.77115154266,ZZC
Maxcoin,693,0.0150416260585,MAX
Happycoin,694,0.0697004199028,HPC
8Bit,695,0.627800166607,8BIT
Pascal Lite,696,0.19832663238,PASL
TrumpCoin,697,0.138403877616,TRUMP
EBCH,698,0.0966202616692,EBCH
Remicoin,699,0.44736418128,RMC
TittieCoin,700,0.000694094982464,TIT
HoboNickels,701,0.0146238030866,HBN
Pioneer Coin,702,0.603197097778,PCOIN
CryptoCarbon,703,0.243383899331,CCRB
I0Coin,704,0.0410104431212,I0C
Marscoin,705,0.0300242360681,MARS
Ccore,706,0.700950443745,CCO
Bitcoin Fast,707,0.161862432957,BCF
Senderon,708,0.0201412197202,SDRN
Scorecoin,709,0.0264621209353,SCORE
Sovereign Hero,710,168.187484741,HERO
Mutual Coin,711,0.000389968103264,MUT
Elcoin,712,0.0697824060917,EL
Valorbit,713,0.000139274314279,VAL
Billionaire Token,714,0.237860292196,XBL
Cannation,715,0.309752374887,CNNC
ERA,716,0.00307754497044,ERA
bitBTC,717,15332.5380859,BITBTC
SONO,718,4.33499956131,SONO
Dashcoin,719,0.0417265854776,DSH
SpaceCoin,720,0.0343339703977,SPACE
Confido,721,0.0805693045259,CFD
UniCoin,722,0.240513324738,UNIC
DROXNE,723,0.0108699603006,DRXNE
Bit20,724,677042.5,BTWTY
GanjaCoin,725,0.15320174396,MRJA
Interzone,726,0.292476058006,ITZ
Sterlingcoin,727,0.158908784389,SLG
Freicoin,728,0.0222838912159,FRC
Ethereum Cash,729,0.0468484014273,ECASH
Guncoin,730,0.00325078354217,GUN
Jetcoin,731,0.0935481712222,JET
RedCoin,732,0.00867292936891,RED
TagCoin,733,0.106222473085,TAG
Litecoin Plus,734,0.77343082428,LCP
PlatinumBAR,735,1.34014749527,XPTX
PopularCoin,736,0.000183043157449,POP
Fujinto,737,0.00940502248704,NTO
Truckcoin,738,0.0037256507203,TRK
VirtualCoin,739,0.0597486831248,VC
PoSToken,740,0.674185574055,POS
LiteBitcoin,741,0.0204561632127,LBTC
Ethereum Dark,742,0.382010430098,ETHD
Aerium,743,0.376170098782,AERM
Coin2.1,744,0.00570036331192,C2
LottoCoin,745,3.84280792787e-05,LOT
Mao Zedong,746,0.0892748385668,MAO
LanaCoin,747,0.000649911118671,LANA
ChessCoin,748,0.0101334135979,CHESS
iEthereum,749,0.0303294286132,IETH
PayCoin,750,0.0460670441389,XPY
Monkey Project,751,5.1531496048,MONK
Sativacoin,752,0.0767341032624,STV
Cryptojacks,753,0.0013099538628,CJ
GameUnits,754,0.149195313454,UNITS
Tychocoin,755,0.102505899966,TYCHO
Kayicoin,756,0.00180120952427,KAYI
808Coin,757,0.0001280393044,808
MojoCoin,758,0.0419125445187,MOJO
Manna,759,0.0116834370419,MANNA
StarCash Network,760,0.610658586025,STARS
Bolivarcoin,761,0.0564404055476,BOLI
PureVidz,762,0.00386501988396,VIDZ
Chronos,763,0.00653224159032,CRX
Motocoin,764,0.0257541052997,MOTO
Blakecoin,765,0.030880574137,BLC
Gapcoin,766,0.0380267873406,GAP
Advanced Internet Blocks,767,0.019337227568,AIB
iDice,768,0.292890965939,ICE
C-Bit,769,0.0028751315549,XCT
Emerald Crypto,770,0.023375602439,EMD
Helleniccoin,771,0.00686096493155,HNC
Ratecoin,772,0.00377385690808,XRA
BERNcash,773,0.00610438920557,BERN
ChanCoin,774,0.060754314065,CHAN
Dalecoin,775,0.940947592258,DALC
PayCon,776,0.0185964796692,CON
Rasputin Online Coin,777,0.393334597349,ROC
Prime-XI,778,0.0231989789754,PXI
LiteBar,779,0.508737802505,LTB
Tigercoin,780,0.00960992835462,TGC
Catcoin,781,0.0667124018073,CAT
PostCoin,782,0.0259281769395,POST
GravityCoin,783,0.269181102514,GXX
GoldReserve,784,0.0232617929578,XGR
AmsterdamCoin,785,0.0117635484785,AMS
Aricoin,786,0.00277085741982,ARI
GlobalBoost-Y,787,0.0285697448999,BSTY
Virtacoinplus,788,0.0344942770898,XVP
Marijuanacoin,789,0.229487136006,MAR
RonPaulCoin,790,0.405296772718,RPC
FuzzBalls,791,0.073210529983,FUZZ
Network Token,792,0.029563177377,NTWK
DigiCube,793,0.000139274314279,CUBE
Eurocoin,794,0.026488058269,EUC
Prototanium,795,1.67003464699,PR
Swing,796,0.114162631333,SWING
USDe,797,0.000278548628557,USDE
Tattoocoin (Standard Edition),798,0.00348958163522,TSE
Bitgem,799,5.26019048691,BTG
GlobalToken,800,0.0112350862473,GLT
EcoCoin,801,0.265019625425,ECO
Philosopher Stones,802,0.050417304039,PHS
BOAT,803,0.0162950959057,BOAT
BumbaCoin,804,0.0132207963616,BUMBA
EOT,805,0.0178481303155,EOT
ICOBID,806,0.0027453401126,ICOB
Ripto Bux,807,0.000749942089897,RBX
FUNCoin,808,0.0486674383283,FUNC
Trident Group,809,0.41496437788,TRDT
BlazeCoin,810,0.000459744682303,BLZ
OctoCoin,811,0.00537673803046,888
Independent Money System,812,0.0510661751032,IMS
X-Coin,813,0.0212234929204,XCO
Grimcoin,814,0.00872777681798,GRIM
Rupaya,815,0.0423507168889,RUPX
Honey,816,0.687477707863,HONEY
QuazarCoin,817,0.041782297194,QCN
SOILcoin,818,0.0419095940888,SOIL
DFSCoin,819,0.0140757644549,DFS
Bolenum,820,0.0231568068266,BLN
ReeCoin,821,8.94578697626e-05,REE
LeaCoin,822,0.00070391362533,LEA
BipCoin,823,0.137813299894,BIP
SecureCoin,824,0.026792569086,SRC
BitAsean,825,0.0445174872875,BAS
Money,826,0.00479544932023,$$$
CorgiCoin,827,0.000174632121343,CORG
B3Coin,828,0.000439877330791,KB3
SecretCoin,829,0.0495816580951,SCRT
Virta Unique Coin,830,0.00338220759295,VUC
TEKcoin,831,0.000139304116601,TEK
Allion,832,0.0313298627734,ALL
CacheCoin,833,0.0455427020788,CACH
HempCoin,834,0.000139274314279,HMP
EagleCoin,835,0.08925960958,EAGLE
BitCoal,836,0.0409573614597,COAL
Gold Pressed Latinum,837,0.710035204887,GPL
TajCoin,838,0.0219331551343,TAJ
GoldPieces,839,0.145526260138,GP
AquariusCoin,840,0.115104466677,ARCO
Comet,841,0.194197505713,CMT
Sugar Exchange,842,0.0478255152702,SGR
ZetaMicron,843,0.000278548628557,ZMC
Creatio,844,0.00803568866104,XCRE
Nullex,845,0.00406642537564,NLX
Firecoin,846,1.67143106461,FIRE
Iconic,847,0.264481931925,ICON
Cashcoin,848,0.00335804768838,CASH
NevaCoin,849,0.0613567344844,NEVA
Acoin,850,0.125811100006,ACOIN
eREAL,851,0.00222642230801,EREAL
Theresa May Coin,852,0.00556049402803,MAY
ETHGAS,853,0.0144717451185,EGAS
bitEUR,854,1.29957926273,BITEUR
Kronecoin,855,0.0352242030203,KRONE
VoteCoin,856,0.00863500777632,VOT
ExchangeN,857,0.0278548635542,EXN
CompuCoin,858,0.0069684702903,CPN
Rimbit,859,0.00113869772758,RBT
Luna Coin,860,0.0708277225494,LUNA
Ammo Reloaded,861,0.00153201748617,AMMO
Solarflarecoin,862,0.00833643134683,SFC
Torcoin,863,0.348464339972,TOR
Eryllium,864,0.0181595236063,ERY
Neuro,865,0.00236766343005,NRO
Coinonat,866,0.0112109258771,CXT
VapersCoin,867,0.000122490775539,VPRC
Spots,868,0.00414569070563,SPT
BROTHER,869,0.000558053783607,BRAT
Flaxscript,870,0.0159199889749,FLAX
AnarchistsPrime,871,0.0200203023851,ACP
Printerium,872,0.00700473831967,PRX
Elysium,873,0.0188020337373,ELS
LiteCoin Ultra,874,0.0793059915304,LTCU
WomenCoin,875,0.0016239148099,WOMEN
Master Swiscoin,876,0.00155970454216,MSCN
Vault Coin,877,0.0023045653943,VLTC
BnrtxCoin,878,0.00245450716466,BNX
Frazcoin,879,0.0068244417198,FRAZ
Roofs,880,0.000462352356408,ROOFS
GeertCoin,881,0.0111338440329,GEERT
Useless Ethereum Token,882,0.0133585343137,UET
Veros,883,0.000100392237073,VRS
CybCSec,884,0.00389968091622,XCS
Coimatic 3.0,885,0.0169297158718,CTIC3
Magnum,886,0.00863500777632,MGM
Project-X,887,431750.40625,NANOX
Impact,888,0.000278548628557,IMX
Argus,889,0.026060026139,ARGUS
Credence Coin,890,0.00758177926764,CRDNC
Coimatic 2.0,891,0.0017443462275,CTIC2
CrevaCoin,892,0.000487974815769,CREVA
LevoPlus,893,0.0085013564676,LVPS
Ulatech,894,0.0654589310288,ULA
GeyserCoin,895,0.232170283794,GSR
Enigma [XNG],896,0.466568976641,XNG
HarmonyCoin,897,0.0133302565664,HMC
Digital Credits,898,0.000557097257115,DGCS
Digital Money Bits,899,0.00125346891582,DMB
AppleCoin,900,0.000139274314279,APW
Infinitecoin,901,0.000139274314279,IFC
Karmacoin,902,0.000139274314279,KARMA
TopCoin,903,0.00224135210738,TOP
Animecoin,904,0.000421324773924,ANI
FlappyCoin,905,2.93721732305e-05,FLAP
BatCoin,906,9.0968578661e-06,BAT
Skeincoin,907,0.0608628764749,SKC
Qora,908,0.229324251413,QORA
Donationcoin,909,0.00243455544114,DON
SHACoin,910,0.00320330937393,SHA
Storjcoin X,911,1.46411037445,SJCX
RabbitCoin,912,9.16012140806e-06,RBBT
WeAreSatoshi,913,0.0041782297194,WSX
Bongger,914,0.00114525773097,BGR
NuBits,915,0.98661929369,USNBT
VPNCoin,916,0.00905283074826,VASH
Sharkcoin,917,0.0047192228958,SAK
Bubble,918,0.0204733256251,BUB
IrishCoin,919,0.0041782297194,IRL
DeltaCredits,920,0.545955300331,DCRE
Fonziecoin,921,0.00194984045811,FONZ
StrongHands,922,7.49479625028e-07,SHND
ClubCoin,923,3.01046276093,CLUB
Francs,924,0.0850584134459,FRN
Safe Exchange Coin,925,0.0260667055845,SAFEX
EDRCoin,926,0.0687595531344,EDRC
OCOW,927,2.78548632195e-05,OCOW
Alphabit,928,47.9044685364,ABC
SafeCoin,929,0.000139274314279,SFE
Digital Bullion Gold,930,0.00250693783164,DBG
UGAIN,931,0.00191620911937,GAIN
President Trump,932,0.0090078227222,PRES
TechShares,933,0.561231255531,THS
Peacecoin,934,0.0154594490305,PEC
Tellurion,935,0.00110580644105,TELL
PROUD Money,936,0.0661277621984,PROUD
Sakuracoin,937,0.00570371653885,SKR
Cubits,938,0.00581437069923,QBT
DynamicCoin,939,0.00274196197279,DMC
Global Business Revolution,940,0.000278548628557,GBRC
Wowcoin,941,0.000246026320383,WOW
netBit,942,0.0317357033491,NBIT
T-coin,943,0.000276270206086,TCOIN
Fargocoin,944,9.59154510498,FRGC
Safe Trade Coin,945,0.000278548628557,XSTC
Maker,946,959.914367676,MKR
Zilbercoin,947,0.0342869013548,ZBC
LePen,948,0.000113055604743,LEPEN
Golos Gold,949,0.2325951159,GBG
UR,950,0.00213445513509,UR
MarxCoin,951,0.00309003633447,MARX
Bitcoin Unlimited (Futures),952,54.1145782471,BTU
ZSEcoin,953,0.0548837594688,ZSE
Internet of Things,954,1392.72875977,XOT
Fazzcoin,955,0.015047647059,FAZZ
MergeCoin,956,0.0548740811646,MGC
ZenGold,957,0.0662945732474,ZENGOLD
Coupecoin,958,0.000110266300908,COUPE
Huncoin,959,0.0026462120004,HNC
Antimatter,960,0.000278548628557,ANTX
TurboCoin,961,0.000139274314279,TURBO
Sphre AIR ,962,0.285894989967,XID
PeepCoin,963,0.000139274314279,PCN
TerraNova,964,18.2152519226,TER
Primulon,965,0.000417822942836,PRIMU
Royalties,966,0.000103073194623,XRY
EmberCoin,967,2.82903693005e-05,EMB
Birds,968,0.000278548628557,BIRDS
Compcoin,969,13.2282743454,CMP
Minex,970,0.0281911157072,MINEX
InfChain,971,0.0225832145661,INF
XTD Coin,972,0.000139274314279,XTD
ATMCoin,973,5.33491134644,ATMC
IronCoin,974,7.7791592048e-05,PRN
OX Fina,975,0.000497033179272,OX
AdCoin,976,0.0979501157999,ACC
NamoCoin,977,0.000117377021525,NAMO
SIGMAcoin,978,0.0816354826093,SIGMA
BITFID,979,0.131370514631,FID
UG Token,980,0.705143272877,UGT
Suretly,981,4.35157871246,SUR
LLToken,982,0.235507085919,LLT
Blockchain Index,983,4.89812898636,BLX
Cyder,984,0.000557097257115,CYDER
Magnetcoin,985,0.739182293415,MAGN
Wi Coin,986,0.010330141522,WIC
Chronologic,987,2.96271014214,DAY
India Coin,988,0.000557097257115,INDIA
Musiconomi,989,0.0901887267828,MCI
HODL Bucks,990,0.180778071284,HDLB
MSD,991,0.0100294547155,MSD
Tezos,992,4.07938194275,XTZ
Infinity Economics,993,0.0222838912159,XIN
Macro,994,1.35444271564,MCR
EncryptoTel [ETH],995,0.139905661345,ETT
Sand Coin,996,0.77812564373,SND
Bastonet,997,0.000835645885672,BSN
CORION,998,0.56302767992,COR
Akuya Coin,999,0.0626734420657,AKY
BitSoar,1000,0.132310599089,BSR
Everus,1001,0.430024534464,EVR
Dutch Coin,1002,0.000696371600498,DUTCH
SegWit2x,1003,272.198425293,B2X
Runners,1004,0.000139274314279,RUNNERS
LiteCoin Gold,1005,0.00675882538781,LTG
EXRNchain,1006,4.89812919113e-05,EXRN
BOScoin,1007,2.25624394417,BOS
Ethereum Lite,1008,0.246840402484,ELITE
Bitcoin Silver,1009,0.00502651929855,BTCS
Cash Poker Pro,1010,0.049723431468,CASH
BT1 [CST],1011,14825.7783203,BT1
BT2 [CST],1012,47.0101051331,BT2
Natcoin,1013,0.0464618317783,NTC
FAPcoin,1014,0.000978565891273,FAP
BTCMoon,1015,0.0197786800563,BTCM
Vulcano [OLD],1016,0.00691365776584,VULC
Bitbase,1017,0.00222838902846,BTBc
iBTC,1018,0.00556531362236,IBTC
High Gain,1019,0.000417822942836,HIGH
Ties.DB,1020,0.165328070521,TIE
NEO GOLD,1021,0.00687768589705,NEOG
EA Coin,1022,1.74369978905,EAG
PlusCoin,1023,0.000742140749935,PLC
Faceblock,1024,0.000816354877315,FBL
SISA,1025,0.0171444248408,SISA
GOLD Reward Token,1026,1.75125992298,GRX
BitSerial,1027,1.93569791317,BTE
Viuly,1028,0.0137860085815,VIU
WINCOIN,1029,0.974780976772,WC
Infinity Pay,1030,0.00221083732322,IPY
Phantomx,1031,0.0690090954304,PNX
Bitcoin2x,1032,0.0101465489715,BTC2X
Energo,1033,0.123447567225,TSL
Bitcoin Diamond,1034,30.764087677,BCD
POLY AI,1035,11.698220253,AI
Triaconta,1036,24.1182384491,TRIA
DimonCoin,1037,1.55849556904e-05,FUDD
PlexCoin,1038,0.0299010872841,PLX
GlassCoin,1039,0.626177310944,GLS
ANRYZE,1040,0.0227017141879,RYZ
EventChain,1041,0.226047366858,EVC
UAHPay,1042,0.000147686019773,UAHPAY
Qbao,1043,0.645754158497,QBT
BlockCDN,1044,0.189169093966,BCDN
Cappasity,1045,0.076664686203,CAPP
MagicCoin,1046,5.6168513298,MAGE
XYLO,1047,0.38996809721,XYLO
Santa Coin,1048,0.424368858337,STC
StrikeBitClub,1049,0.362113237381,SBC
COMSA [ETH],1050,2.57021069527,CMS
Kubera Coin,1051,0.069637157023,KBR
Tokugawa,1052,1.13879954815,TOK
COMSA [XEM],1053,2.68935537338,CMS
WandX,1054,0.445292621851,WAND
Soma,1055,0.187575340271,SCT
Uquid Coin,1056,1.18162953854,UQC
MediShares,1057,0.0461753979325,MDS
ProChain,1058,0.358117163181,PRA
Ignis,1059,14.2491025925,IGNIS
SmartMesh,1060,0.0540285110474,SMT
Filecoin [Futures],1061,20.0782318115,FIL
BitcoinX,1062,0.050079792738,BCX
Super Bitcoin,1063,209.101211548,SBTC
Bitair,1064,0.0123528018594,BTCA
MicroMoney,1065,0.608310580254,AMM
Worldcore,1066,0.135742813349,WRC
Gifto,1067,0.280911028385,GTO
YENTEN,1068,0.105085261166,YTN
Genaro Network,1069,0.347312092781,GNX
DavorCoin,1070,56.9631958008,DAV
United Bitcoin,1071,363.454711914,UBTC
Starbase,1072,0.108110867441,STAR
ICON [Futures],1073,5.250644207,ICX
DEW,1074,2.32374787331,DEW
NAGA,1075,2.89392995834,NGC
Bibox Token,1076,0.715081036091,BIX
SophiaTX,1077,0.743843436241,SPHTX
ACE (TokenStars),1078,0.474583029747,ACE
DIMCOIN,1079,0.140007138252,DIM
SIRIN LABS Token,1080,1.00455844402,SRN
Cryptopay,1081,0.289434909821,CPAY
HTMLCOIN,1082,0.000698414223734,HTML
DeepBrain Chain,1083,0.131991624832,DBC
HomeBlockCoin,1084,10.7481594086,HBC
Neumark,1085,0.812528967857,NEU
QLC Chain,1086,0.358300864697,QLC
BigONE Token,1087,4.8889465332,BIG
Virtacoin,1088,0.00387097103521,VTA
E-coin,1089,2.07390141487,ECN
Arcade Token,1090,3.83917093277,ARC
Global Cryptocurrency,1091,0.0114204939455,GCC
Intelligent Trading Foundation,1092,0.372819840908,ITT
YashCoin,1093,0.348185807467,YASH
FIMKrypto,1094,0.00577159458771,FIMK
Adelphoi,1095,0.138299405575,ADL
Bankcoin,1096,0.230346381664,B@
BritCoin,1097,0.0947065353394,BRIT
Janus,1098,0.0805005580187,JNS
Ethereum Movie Venture,1099,0.237485051155,EMV
BlockPay,1100,0.282705307007,BLOCKPAY
Shorty,1101,0.0140667064115,SHORTY
Ultimate Secure Cash,1102,0.0938708931208,USC
FinCoin,1103,0.0728667974472,FNC
Shadow Token,1104,0.13060104847,SHDW
GAIA,1105,0.0376104414463,GAIA
AmberCoin,1106,0.0188020337373,AMBER
Bitpark Coin,1107,0.0105848480016,BPC
Opal,1108,0.051423009485,OPAL
GlobalCoin,1109,0.0110026709735,GLC
Stress,1110,0.00111419451423,STS
Universe,1111,0.0470345951617,UNI
Halcyon,1112,0.108494691551,HAL
MACRON,1113,0.0013613376068,MCRN
E4ROW,1114,0.0887761935592,E4ROW
Joincoin,1115,0.167129188776,J
SwagBucks,1116,1.44483447075,BUCKS
Zurcoin,1117,0.00543169863522,ZUR
Bitcurrency,1118,0.00278548640199,BTCR
bitSilver,1119,20.4971904755,BITSILVER
SproutsExtreme,1120,0.000139274314279,SPEX
iTicoin,1121,12.4427595139,ITI
Shilling,1122,0.00933137908578,SH
iCoin,1123,0.0125346882269,ICN
BriaCoin,1124,0.550100028515,BRIA
Mincoin,1125,0.0841984972358,MNC
Flycoin,1126,1.55708682537,FLY
BTCtalkcoin,1127,0.00501387566328,TALK
Evil Coin,1128,0.0149397728965,EVIL
SACoin,1129,0.0445677824318,SAC
Wyvern,1130,0.167129188776,WYV
Darsek,1131,0.0189837533981,KED
Mineum,1132,0.0314293019474,MNM
Rubies,1133,0.0277155898511,RBIES
Cypher,1134,0.0451248809695,CYP
SatoshiMadness,1135,0.000139274314279,MAD
Newbium,1136,0.00557097280398,NEWB
Bitz,1137,0.137185201049,BITZ
Bitcoin 21,1138,0.306403487921,XBTC21
Quatloo,1139,0.0292307846248,QTL
ParallelCoin,1140,0.725628316402,DUO
Argentum,1141,0.0250476058573,ARG
Yacoin,1142,0.00181056617294,YAC
Metal Music Coin,1143,0.00265997508541,MTLMC3
Evotion,1144,0.0650539323688,EVO
bitGold,1145,1676.55383301,BITGOLD
300 Token,1146,626.730285645,300
Jin Coin,1147,0.0181056614965,JIN
PX,1148,0.00181056617294,PX
MustangCoin,1149,0.279713898897,MST
RevolverCoin,1150,0.00779936183244,XRE
Franko,1151,0.181752979755,FRK
IslaCoin,1152,0.111698001623,ISL
Dollarcoin,1153,0.0178271122277,DLC
Bitcoin Planet,1154,0.0278548635542,BTPL
SixEleven,1155,0.368379056454,611
Beatcoin,1156,0.104513168335,XBTS
AntiBitcoin,1157,0.00863500777632,ANTI
Debitcoin,1158,0.00833979062736,DBTC
Sling,1159,0.136628106236,SLING
BoostCoin,1160,0.0121168661863,BOST
Digital Rupees,1161,0.000278548628557,DRS
Unrealcoin,1162,0.0188681483269,URC
Uro,1163,0.108992993832,URO
GuccioneCoin,1164,0.00584952160716,GCC
Cthulhu Offerings,1165,0.0424786657095,OFF
BenjiRolls,1166,0.0054415431805,BENJI
HealthyWormCoin,1167,0.000974920229055,WORM
Global Tour Coin,1168,0.00362113234587,GTC
BitQuark,1169,0.0116990432143,BTQ
VectorAI,1170,0.00633121933788,VEC2
Californium,1171,0.043732136488,CF
Litecred,1172,0.00347512145527,LTCR
SongCoin,1173,0.0031695261132,SONG
CoExistCoin,1174,0.00379021256231,COXST
PRCoin,1175,0.00612806994468,PRC
BeaverCoin,1176,0.0298047047108,BVC
AllSafe,1177,0.0110250962898,ASAFE2
Blackstar,1178,0.000139274314279,BSTAR
Artex Coin,1179,0.00459605269134,ATX
VIP Tokens,1180,0.000974920229055,VIP
BillaryCoin,1181,0.00891355611384,BLRY
Asiadigicoin,1182,0.00320330937393,ADCN
Jewels,1183,0.00389968091622,JWL
Dreamcoin,1184,0.0313367210329,DRM
Pulse,1185,0.00515314983204,PULSE
Zayedcoin,1186,0.011141945608,ZYD
DIBCOIN,1187,0.0135213620961,DIBC
Dix Asset,1188,6.74610134865e-07,DIX
WARP,1189,0.0607236027718,WARP
JavaScript Token,1190,0.00793200079352,JS
Dollar Online,1191,0.0816147476435,DOLLAR
Orlycoin,1192,0.00167129177134,ORLY
Steps,1193,0.00307931099087,STEPS
MindCoin,1194,0.00358697702177,MND
Wild Beast Block,1195,0.318659633398,WBB
DAPPSTER,1196,0.000557097257115,DLISK
DPAY,1197,0.000696371600498,DPAY
PIECoin,1198,0.00487460102886,PIE
CRTCoin,1199,0.668516755104,CRT
MTMGaming,1200,0.0174730978906,MTM
PLNcoin,1201,0.00306403497234,PLNC
Crypto,1202,0.0041782297194,CTO
BowsCoin,1203,0.00919210538268,BSC
Zonecoin,1204,0.0194984041154,ZNE
CryptoWorldX Token,1205,0.000835645885672,CWXT
PonziCoin,1206,0.056728053838,PONZI
Slevin,1207,0.000696371600498,SLEVIN
ImpulseCoin,1208,0.00239684991539,IMPS
TAGRcoin,1209,0.00125346891582,TAGR
G3N,1210,0.00640661874786,G3N
JobsCoin,1211,0.000417822942836,JOBS
PlayerCoin,1212,0.00125346891582,PLACO
Ride My Car,1213,0.000417822942836,RIDE
MiloCoin,1214,0.00387274497189,MILO
LetItRide,1215,0.000974920229055,LIR
BiosCrypto,1216,0.00167129177134,BIOS
PosEx,1217,0.0139274317771,PEX
EGO,1218,0.000557097257115,EGO
GBCGoldCoin,1219,0.0028899947647,GBC
Braincoin,1220,0.00306403497234,BRAIN
RSGPcoin,1221,17.4038581848,RSGP
OsmiumCoin,1222,0.0323116406798,OS76
FuturXe,1223,0.11957769841,FXE
AgrolifeCoin,1224,0.00334258354269,AGLC
Xonecoin,1225,0.0621163472533,XOC
SpeedCash,1226,0.0990240424871,SCS
Cabbage,1227,0.00222838902846,CAB
Bitvolt,1228,0.00153201748617,VOLT
Antilitecoin,1229,0.000696371600498,ALTC
High Voltage,1230,0.0135096088052,HVCO
CryptoEscudo,1231,0.000139274314279,CESC
P7Coin,1232,0.000557097257115,P7C
SydPak,1233,0.114811070263,SDP
MorningStar,1234,0.000557097257115,MRNG
KingN Coin,1235,9.06271934509,KNC
Ebittree Coin,1236,0.0139274317771,EBT
Qibuck Asset,1237,0.0102580450475,QBK
SocialCoin,1238,0.0115597685799,SOCC
Selfiecoin,1239,0.000139274314279,SLFI
Corethum,1240,0.00593712599948,CRTM
Rawcoin,1241,0.0205639004707,XRC
BioBar,1242,0.0148109616712,BIOB
iBank,1243,0.00280208257027,IBANK
Save and Gain,1244,0.00404821150005,SANDG
NodeCoin,1245,0.00584952160716,NODC
CCMiner,1246,0.0021423927974,CCM100
Tristar Coin,1247,0.00125346891582,TSTR
Concoin,1248,0.0068244417198,CONX
Sojourn,1249,0.00882861204445,SOJ
BurstOcean,1250,0.0179515797645,OCEAN
PizzaCoin,1251,0.00250693783164,PIZZA
Abncoin,1252,0.0171307418495,ABN
CaliphCoin,1253,0.00173042609822,CALC
Elacoin,1254,0.201657474041,ELC
BetaCoin,1255,0.00403895508498,BET
Quebecoin,1256,0.00403895508498,QBC
Hyper,1257,0.0562668256462,HYPER
Granite,1258,0.0188020337373,GRN
FireFlyCoin,1259,0.00022115734464,FFC
Quotient,1260,0.00626734411344,XQN
SoonCoin,1261,0.0151613960043,SOON
MetalCoin,1262,0.0126739628613,METAL
Voyacoin,1263,0.836342275143,VOYA
UNCoin,1264,0.000139274314279,UNC
TrickyCoin,1265,0.0088570304215,TRICK
CyberCoin,1266,0.000278548628557,CC
EggCoin,1267,0.0246515553445,EGG
ShellCoin,1268,0.0259209014475,SHELL
Dubstep,1269,0.00250693783164,DUB
Cycling Coin,1270,0.00125346891582,CYC
FutCoin,1271,0.00360427959822,FUTC
Axiom,1272,0.0197769533843,AXIOM
InvisibleCoin,1273,0.587319791317,IVZ
Moneta,1274,0.000557097257115,MONETA
RubleBit,1275,0.0052924240008,RUBIT
Cashme,1276,0.000278548628557,CME
X2,1277,0.000278548628557,X2
AvatarCoin,1278,0.0488852858543,AV
Opescoin,1279,0.0020891148597,OPES
AlpaCoin,1280,0.0199800804257,APC
BitAlphaCoin,1281,0.00389968091622,BAC
MMXVI,1282,0.00348185794428,MMXVI
Psilocybin,1283,0.0296654291451,PSY
PayPeer,1284,0.000139274314279,PAYP
GoldMaxCoin,1285,0.00547115784138,GMX
Operand,1286,0.001392743201,OP
TheCreed,1287,0.000417822942836,TCR
DarkLisk,1288,0.00111419451423,DISK
TeslaCoilCoin,1289,1.92282128334,TESLA
RichCoin,1290,0.00821718480438,RICHX
PrismChain,1291,0.00222838902846,PRM
Citadel,1292,0.00496842851862,CTL
Happy Creator Coin,1293,0.000835645885672,HCC
LinkedCoin,1294,0.000417822942836,LKC
International Diamond,1295,0.0073815388605,XID
First Bitcoin,1296,0.0118383169174,BIT
FrankyWillCoin,1297,0.00334258354269,FRWC
PokeCoin,1298,0.000278548628557,POKE
Aces,1299,0.000524915405549,ACES
President Johnson,1300,0.0927566960454,GARY
TodayCoin,1301,0.0026462120004,TODAY
Golfcoin,1302,0.000139274314279,GOLF
SportsCoin,1303,0.001392743201,SPORT
Lazaruscoin,1304,0.001392743201,LAZ
MobileCash,1305,0.000417822942836,MBL
Rcoin,1306,0.000139274314279,RCN
LAthaan,1307,0.000557097257115,LTH
RoyalCoin,1308,0.00334258354269,ROYAL
TeamUp,1309,0.000417822942836,TEAM
CBD Crystals,1310,0.00153201748617,CBD
WA Space,1311,0.0232588108629,WA
Regacoin,1312,0.00236766343005,REGA
MoneyCoin,1313,0.000139274314279,MONEY
Pabyosi Coin (Special),1314,0.030501075089,PCS
LandCoin,1315,0.00247987359762,LDCN
Yescoin,1316,0.000139274314279,YES
Avoncoin,1317,0.000557097257115,ACN
PinkDog,1318,0.000417822942836,PDG
KashhCoin,1319,0.000139274314279,KASHH
Mavro,1320,0.0721440985799,MAVRO
UtaCoin,1321,0.00153201748617,UTA
XDE II,1322,2.14394950867,XDE2
BestChain,1323,0.00478289136663,BEST
BlazerCoin,1324,0.000857105187606,BLAZR
The Vegan Initiative,1325,0.000557097257115,XVE
RHFCoin,1326,0.000835645885672,RHFC
DeusCoin,1327,0.282726854086,DEUS
Dashs,1328,0.0406681001186,DASHS
Tattoocoin (Limited Edition),1329,0.66712397337,TLE
GoldUnionCoin,1330,0.0279773399234,GUC
Topaz Coin,1331,0.804407715797,TOPAZ
SnakeEyes,1332,0.102580457926,SNAKE
9COIN,1333,0.00362113234587,9COIN
Halloween Coin,1334,0.000443469209131,HALLO
STEX,1335,1.4051169157,STEX
Cheapcoin,1336,0.000278548628557,CHEAP
Bitok,1337,0.000139274314279,BITOK
Pirate Blocks,1338,0.00167129177134,SKULL
UniversalRoyalCoin,1339,0.000987261650153,UNRC
Aseancoin,1340,0.00306403497234,ASN
Wink,1341,0.000462202908238,WINK
First Bitcoin Capital,1342,0.161418929696,BITCF
Facecoin,1343,0.012986721471,FC
iQuant,1344,0.182871893048,IQT
eLTC,1345,0.00041114600026,ELTC2
Swapcoin,1346,0.0103899706155,SWP
eUSD,1347,0.000148428152897,EUSD
10M Token,1348,0.00354788731784,10MT
eGold,1349,0.0135001176968,EGOLD
eBIT,1350,0.00319120544009,EBIT
Rupaya [OLD],1351,0.00236766343005,RUPX
Yellow Token,1352,0.00368911842816,YEL
Hyper TV,1353,0.000310214847559,HYTV
